0.000000,0.000000,0.000000,0.000000,0.000000
0.000000,0.000000,0.000000,0.000000,0.000000
0.000000,0.000000,0.000000,0.000000,0.000000
0.000000,0.000000,0.000000,0.000000,0.000000
0.000000,0.000000,0.000000,0.000000,0.000000
0.000000,0.000000,0.000000,0.000000,0.000000
0.000000,0.000000,0.000000,0.000000,0.000000
0.000000,0.000000,0.000000,0.000000,0.000000
0.000000,0.000000,0.000000,0.000000,0.000000
0.000000,0.000000,0.000000,0.000000,0.000000
0.000000,0.000000,0.000000,0.000000,0.000000
0.000000,0.000000,0.000000,0.000000,0.000000
0.000000,0.000000,0.000000,0.000000,0.000000
0.000000,0.000000,0.000000,0.000000,0.000000
0.000000,0.000000,0.000000,0.000000,0.000000
0.000000,0.000000,0.000000,0.000000,0.000000
0.000000,0.000000,0.000000,0.000000,0.000000
0.000000,0.000000,0.000000,0.000000,0.000000
0.000000,0.000000,0.000000,0.000000,0.000000
0.000000,0.000000,0.000000,0.000000,0.000000
0.000000,0.000000,0.000000,0.000000,0.000000
0.001053,0.000000,0.000000,0.000000,0.000000
0.004093,0.000000,0.000000,0.000000,0.000000
0.008947,0.000000,0.000000,0.000000,0.000000
0.015458,0.000000,0.000000,0.000000,0.000000
0.023484,0.000000,0.000000,0.000000,0.000000
0.032892,0.000000,0.000000,0.000000,0.000000
0.043565,0.000000,0.000000,0.000000,0.000000
0.055391,0.000000,0.000000,0.000000,0.000000
0.068272,0.000000,0.000000,0.000000,0.000000
0.082116,0.000000,0.000000,0.000000,0.000000
0.096840,0.000000,0.000000,0.000000,0.000000
0.112368,0.000000,0.000000,0.000000,0.000000
0.128630,0.000000,0.000000,0.000000,0.000000
0.145563,0.000000,0.000000,0.000000,0.000000
0.163109,0.000000,0.000000,0.000000,0.000000
0.181214,0.000000,0.000000,0.000000,0.000000
0.199831,0.000000,0.000000,0.000000,0.000000
0.218915,0.000000,0.000000,0.000000,0.000000
0.238426,0.000000,0.000000,0.000000,0.000000
0.258327,0.000000,0.000000,0.000000,0.000000
0.278584,0.000000,0.000000,0.000000,0.000000
0.299166,0.000000,0.000000,0.000000,0.000000
0.320046,0.000000,0.000000,0.000000,0.000000
0.341197,0.000000,0.000000,0.000000,0.000000
0.362595,0.000000,0.000000,0.000000,0.000000
0.384221,0.000000,0.000000,0.000000,0.000000
0.406053,0.000000,0.000000,0.000000,0.000000
0.428075,0.000000,0.000000,0.000000,0.000000
0.450269,0.000000,0.000000,0.000000,0.000000
0.472621,0.000000,0.000000,0.000000,0.000000
0.495118,0.000000,0.000000,0.000000,0.000000
0.517746,0.000000,0.000000,0.000000,0.000000
0.540494,0.000000,0.000000,0.000000,0.000000
0.563352,0.000000,0.000000,0.000000,0.000000
0.586310,0.000000,0.000000,0.000000,0.000000
0.609361,0.000000,0.000000,0.000000,0.000000
0.632494,0.000000,0.000000,0.000000,0.000000
0.655705,0.000000,0.000000,0.000000,0.000000
0.678985,0.000000,0.000000,0.000000,0.000000
0.702329,0.000000,0.000000,0.000000,0.000000
0.725732,0.000000,0.000000,0.000000,0.000000
0.749188,0.000000,0.000000,0.000000,0.000000
0.772692,0.000000,0.000000,0.000000,0.000000
0.796241,0.000000,0.000000,0.000000,0.000000
0.819831,0.000000,0.000000,0.000000,0.000000
0.843458,0.000000,0.000000,0.000000,0.000000
0.867119,0.000000,0.000000,0.000000,0.000000
0.890810,0.000000,0.000000,0.000000,0.000000
0.914530,0.000000,0.000000,0.000000,0.000000
0.938276,0.000000,0.000000,0.000000,0.000000
0.962045,0.000000,0.000000,0.000000,0.000000
0.985836,0.000000,0.000000,0.000000,0.000000
1.009647,0.000000,0.000000,0.000000,0.000000
1.033476,0.000000,0.000000,0.000000,0.000000
1.057321,0.000000,0.000000,0.000000,0.000000
1.081181,0.000000,0.000000,0.000000,0.000000
1.105055,0.000000,0.000000,0.000000,0.000000
1.128941,0.000000,0.000000,0.000000,0.000000
1.152839,0.000000,0.000000,0.000000,0.000000
1.176747,0.000000,0.000000,0.000000,0.000000
1.200665,0.000000,0.000000,0.000000,0.000000
1.224592,0.000000,0.000000,0.000000,0.000000
1.248526,0.000000,0.000000,0.000000,0.000000
1.272468,0.000000,0.000000,0.000000,0.000000
1.296416,0.000000,0.000000,0.000000,0.000000
1.320371,0.000000,0.000000,0.000000,0.000000
1.344331,0.000000,0.000000,0.000000,0.000000
1.368296,0.000000,0.000000,0.000000,0.000000
1.392266,0.000000,0.000000,0.000000,0.000000
1.416240,0.000000,0.000000,0.000000,0.000000
1.440218,0.000000,0.000000,0.000000,0.000000
1.464200,0.000000,0.000000,0.000000,0.000000
1.488184,0.000000,0.000000,0.000000,0.000000
1.512172,0.000000,0.000000,0.000000,0.000000
1.536162,0.000000,0.000000,0.000000,0.000000
1.560155,0.000000,0.000000,0.000000,0.000000
1.584150,0.000000,0.000000,0.000000,0.000000
1.608147,0.000000,0.000000,0.000000,0.000000
1.632146,0.000000,0.000000,0.000000,0.000000
1.656147,0.000000,0.000000,0.000000,0.000000
1.680149,0.000000,0.000000,0.000000,0.000000
1.704153,0.000000,0.000000,0.000000,0.000000
1.728158,0.000000,0.000000,0.000000,0.000000
1.752164,0.000000,0.000000,0.000000,0.000000
1.776171,0.000000,0.000000,0.000000,0.000000
1.800180,0.000000,0.000000,0.000000,0.000000
1.824189,0.000000,0.000000,0.000000,0.000000
1.848199,0.000000,0.000000,0.000000,0.000000
1.872210,0.000000,0.000000,0.000000,0.000000
1.896221,0.000000,0.000000,0.000000,0.000000
1.920233,0.000000,0.000000,0.000000,0.000000
1.944246,0.000000,0.000000,0.000000,0.000000
1.968259,0.000000,0.000000,0.000000,0.000000
1.992273,0.000000,0.000000,0.000000,0.000000
2.016287,0.000000,0.000000,0.000000,0.000000
2.040302,0.000000,0.000000,0.000000,0.000000
2.064316,0.000000,0.000000,0.000000,0.000000
2.088332,0.000000,0.000000,0.000000,0.000000
2.112347,0.000000,0.000000,0.000000,0.000000
2.136363,0.000000,0.000000,0.000000,0.000000
2.160379,0.000000,0.000000,0.000000,0.000000
2.184395,0.000000,0.000000,0.000000,0.000000
2.208412,0.000000,0.000000,0.000000,0.000000
2.232429,0.000000,0.000000,0.000000,0.000000
2.256446,0.000000,0.000000,0.000000,0.000000
2.280463,0.000000,0.000000,0.000000,0.000000
2.304480,0.000000,0.000000,0.000000,0.000000
2.328497,0.000000,0.000000,0.000000,0.000000
2.352515,0.000000,0.000000,0.000000,0.000000
2.376532,0.000000,0.000000,0.000000,0.000000
2.400550,0.000000,0.000000,0.000000,0.000000
2.424568,0.000000,0.000000,0.000000,0.000000
2.448586,0.000000,0.000000,0.000000,0.000000
2.472604,0.000000,0.000000,0.000000,0.000000
2.496622,0.000000,0.000000,0.000000,0.000000
2.520640,0.000000,0.000000,0.000000,0.000000
2.544658,0.000000,0.000000,0.000000,0.000000
2.568676,0.000000,0.000000,0.000000,0.000000
2.592694,0.000000,0.000000,0.000000,0.000000
2.616713,0.000000,0.000000,0.000000,0.000000
2.640731,0.000000,0.000000,0.000000,0.000000
2.664750,0.000000,0.000000,0.000000,0.000000
2.688768,0.000000,0.000000,0.000000,0.000000
2.712786,0.000000,0.000000,0.000000,0.000000
2.736805,0.000000,0.000000,0.000000,0.000000
2.760823,0.000000,0.000000,0.000000,0.000000
2.784842,0.000000,0.000000,0.000000,0.000000
2.808860,0.000000,0.000000,0.000000,0.000000
2.832879,0.000000,0.000000,0.000000,0.000000
2.856898,0.000000,0.000000,0.000000,0.000000
2.880916,0.000000,0.000000,0.000000,0.000000
2.904935,0.000000,0.000000,0.000000,0.000000
2.928954,0.000000,0.000000,0.000000,0.000000
2.952972,0.000000,0.000000,0.000000,0.000000
2.976991,0.000000,0.000000,0.000000,0.000000
3.001010,0.000000,0.000000,0.000000,0.000000
3.025028,0.000000,0.000000,0.000000,0.000000
3.049047,0.000000,0.000000,0.000000,0.000000
3.073066,0.000000,0.000000,0.000000,0.000000
3.097084,0.000000,0.000000,0.000000,0.000000
3.121103,0.000000,0.000000,0.000000,0.000000
3.145122,0.000000,0.000000,0.000000,0.000000
3.169141,0.000000,0.000000,0.000000,0.000000
3.193159,0.000000,0.000000,0.000000,0.000000
3.217178,0.000000,0.000000,0.000000,0.000000
3.241197,0.000000,0.000000,0.000000,0.000000
3.265216,0.000000,0.000000,0.000000,0.000000
3.289234,0.000000,0.000000,0.000000,0.000000
3.313253,0.000000,0.000000,0.000000,0.000000
3.337272,0.000000,0.000000,0.000000,0.000000
3.361291,0.000000,0.000000,0.000000,0.000000
3.385309,0.000000,0.000000,0.000000,0.000000
3.409328,0.000000,0.000000,0.000000,0.000000
3.433347,0.000000,0.000000,0.000000,0.000000
3.457366,0.000000,0.000000,0.000000,0.000000
3.481384,0.000000,0.000000,0.000000,0.000000
3.505403,0.000000,0.000000,0.000000,0.000000
3.529422,0.000000,0.000000,0.000000,0.000000
3.553441,0.000000,0.000000,0.000000,0.000000
3.577460,0.000000,0.000000,0.000000,0.000000
3.601478,0.000000,0.000000,0.000000,0.000000
3.625497,0.000000,0.000000,0.000000,0.000000
3.649516,0.000000,0.000000,0.000000,0.000000
3.673535,0.000000,0.000000,0.000000,0.000000
3.697553,0.000000,0.000000,0.000000,0.000000
3.721572,0.000000,0.000000,0.000000,0.000000
3.745591,0.000000,0.000000,0.000000,0.000000
3.769610,0.000000,0.000000,0.000000,0.000000
3.793629,0.000000,0.000000,0.000000,0.000000
3.817647,0.000000,0.000000,0.000000,0.000000
3.841666,0.000000,0.000000,0.000000,0.000000
3.865685,0.000000,0.000000,0.000000,0.000000
3.889704,0.000000,0.000000,0.000000,0.000000
3.913723,0.000000,0.000000,0.000000,0.000000
3.937741,0.000000,0.000000,0.000000,0.000000
3.961760,0.000000,0.000000,0.000000,0.000000
3.985779,0.000000,0.000000,0.000000,0.000000
4.009798,0.000000,0.000000,0.000000,0.000000
4.033817,0.000000,0.000000,0.000000,0.000000
4.057835,0.000000,0.000000,0.000000,0.000000
4.081433,0.000013,0.001649,0.000000,0.000000
4.104235,0.000100,0.006452,0.000000,0.000000
4.126312,0.000322,0.014199,0.000000,0.000000
4.147722,0.000733,0.024695,0.000000,0.000000
4.168520,0.001378,0.037757,0.000000,0.000000
4.188755,0.002295,0.053215,0.000000,0.000000
4.208467,0.003516,0.070911,0.000000,0.000000
4.227692,0.005069,0.090695,0.000000,0.000000
4.246461,0.006978,0.112429,0.000000,0.000000
4.264800,0.009264,0.135985,0.000000,0.000000
4.282729,0.011945,0.161240,0.000000,0.000000
4.300266,0.015037,0.188082,0.000000,0.000000
4.317423,0.018552,0.216406,0.000000,0.000000
4.334209,0.022502,0.246114,0.000000,0.000000
4.350631,0.026897,0.277114,0.000000,0.000000
4.366692,0.031744,0.309319,0.000000,0.000000
4.382391,0.037049,0.342651,0.000000,0.000000
4.397726,0.042816,0.377034,0.000000,0.000000
4.412694,0.049050,0.412399,0.000000,0.000000
4.427287,0.055750,0.448680,0.000000,0.000000
4.441497,0.062917,0.485816,0.000000,0.000000
4.455314,0.070550,0.523752,0.000000,0.000000
4.468726,0.078645,0.562433,0.000000,0.000000
4.481722,0.087197,0.601811,0.000000,0.000000
4.494287,0.096201,0.641839,0.000000,0.000000
4.506408,0.105649,0.682474,0.000000,0.000000
4.518068,0.115530,0.723676,0.000000,0.000000
4.529254,0.125836,0.765407,0.000000,0.000000
4.539948,0.136553,0.807632,0.000000,0.000000
4.550135,0.147668,0.850318,0.000000,0.000000
4.560067,0.159489,0.893435,0.000000,0.000000
4.569931,0.172318,0.936954,0.000000,0.000000
4.579622,0.186114,0.979200,0.000000,0.000000
4.589077,0.200815,1.018642,0.000000,0.000000
4.598252,0.216353,1.055467,0.000000,0.000000
4.607117,0.232661,1.089849,0.000000,0.000000
4.615646,0.249676,1.121950,0.000000,0.000000
4.623824,0.267339,1.151921,0.000000,0.000000
4.631643,0.285593,1.179904,0.000000,0.000000
4.639098,0.304387,1.206030,0.000000,0.000000
4.646190,0.323671,1.230423,0.000000,0.000000
4.652922,0.343401,1.253197,0.000000,0.000000
4.659302,0.363536,1.274460,0.000000,0.000000
4.665337,0.384038,1.294312,0.000000,0.000000
4.671038,0.404873,1.312848,0.000000,0.000000
4.676417,0.426010,1.330153,0.000000,0.000000
4.681485,0.447419,1.346311,0.000000,0.000000
4.686257,0.469075,1.361396,0.000000,0.000000
4.690744,0.490955,1.375480,0.000000,0.000000
4.694960,0.513036,1.388630,0.000000,0.000000
4.698918,0.535301,1.400908,0.000000,0.000000
4.702632,0.557731,1.412371,0.000000,0.000000
4.706114,0.580310,1.423073,0.000000,0.000000
4.709377,0.603025,1.433066,0.000000,0.000000
4.712433,0.625861,1.442395,0.000000,0.000000
4.715293,0.648809,1.451105,0.000000,0.000000
4.717968,0.671856,1.459238,0.000000,0.000000
4.720470,0.694994,1.466831,0.000000,0.000000
4.722809,0.718214,1.473920,0.000000,0.000000
4.724994,0.741508,1.480539,0.000000,0.000000
4.727035,0.764869,1.486718,0.000000,0.000000
4.728940,0.788291,1.492488,0.000000,0.000000
4.730718,0.811768,1.497875,0.000000,0.000000
4.732376,0.835295,1.502904,0.000000,0.000000
4.733923,0.858867,1.507600,0.000000,0.000000
4.735365,0.882480,1.511984,0.000000,0.000000
4.736708,0.906130,1.516078,0.000000,0.000000
4.737959,0.929814,1.519899,0.000000,0.000000
4.739125,0.953528,1.523467,0.000000,0.000000
4.740209,0.977270,1.526799,0.000000,0.000000
4.741218,1.001038,1.529909,0.000000,0.000000
4.742156,1.024828,1.532813,0.000000,0.000000
4.743028,1.048638,1.535525,0.000000,0.000000
4.743839,1.072468,1.538056,0.000000,0.000000
4.744591,1.096315,1.540420,0.000000,0.000000
4.745290,1.120177,1.542626,0.000000,0.000000
4.745937,1.144053,1.544687,0.000000,0.000000
4.746538,1.167942,1.546610,0.000000,0.000000
4.747095,1.191843,1.548406,0.000000,0.000000
4.747610,1.215754,1.550083,0.000000,0.000000
4.748086,1.239675,1.551649,0.000000,0.000000
4.748527,1.263605,1.553110,0.000000,0.000000
4.748934,1.287542,1.554475,0.000000,0.000000
4.749309,1.311487,1.555749,0.000000,0.000000
4.749655,1.335438,1.556939,0.000000,0.000000
4.749974,1.359396,1.558049,0.000000,0.000000
4.750267,1.383359,1.559086,0.000000,0.000000
4.750536,1.407327,1.560055,0.000000,0.000000
4.750782,1.431299,1.560959,0.000000,0.000000
4.751008,1.455275,1.561803,0.000000,0.000000
4.751214,1.479256,1.562591,0.000000,0.000000
4.751402,1.503239,1.563326,0.000000,0.000000
4.751573,1.527226,1.564013,0.000000,0.000000
4.751728,1.551215,1.564655,0.000000,0.000000
4.751868,1.575208,1.565253,0.000000,0.000000
4.751994,1.599202,1.565812,0.000000,0.000000
4.752107,1.623199,1.566334,0.000000,0.000000
4.752208,1.647197,1.566822,0.000000,0.000000
4.752298,1.671198,1.567277,0.000000,0.000000
4.752378,1.695200,1.567701,0.000000,0.000000
4.752447,1.719203,1.568098,0.000000,0.000000
4.752507,1.743208,1.568468,0.000000,0.000000
4.752559,1.767214,1.568814,0.000000,0.000000
4.752603,1.791221,1.569137,0.000000,0.000000
4.752639,1.815229,1.569438,0.000000,0.000000
4.752668,1.839238,1.569720,0.000000,0.000000
4.752691,1.863248,1.569982,0.000000,0.000000
4.752707,1.887259,1.570228,0.000000,0.000000
4.752718,1.911270,1.570457,0.000000,0.000000
4.752724,1.935282,1.570671,0.000000,0.000000
4.752724,1.959295,1.570870,0.000000,0.000000
4.752720,1.983308,1.571057,0.000000,0.000000
4.752712,2.007322,1.571231,0.000000,0.000000
4.752700,2.031336,1.571393,0.000000,0.000000
4.752683,2.055350,1.571545,0.000000,0.000000
4.752664,2.079365,1.571686,0.000000,0.000000
4.752641,2.103380,1.571819,0.000000,0.000000
4.752615,2.127396,1.571942,0.000000,0.000000
4.752586,2.151411,1.572057,0.000000,0.000000
4.752554,2.175428,1.572165,0.000000,0.000000
4.752520,2.199444,1.572265,0.000000,0.000000
4.752484,2.223460,1.572359,0.000000,0.000000
4.752445,2.247477,1.572447,0.000000,0.000000
4.752404,2.271494,1.572529,0.000000,0.000000
4.752362,2.295511,1.572605,0.000000,0.000000
4.752318,2.319528,1.572676,0.000000,0.000000
4.752272,2.343545,1.572743,0.000000,0.000000
4.752224,2.367563,1.572805,0.000000,0.000000
4.752175,2.391580,1.572863,0.000000,0.000000
4.752125,2.415598,1.572917,0.000000,0.000000
4.752073,2.439616,1.572968,0.000000,0.000000
4.752021,2.463633,1.573015,0.000000,0.000000
4.751967,2.487651,1.573059,0.000000,0.000000
4.751912,2.511669,1.573100,0.000000,0.000000
4.751856,2.535687,1.573139,0.000000,0.000000
4.751799,2.559705,1.573174,0.000000,0.000000
4.751742,2.583724,1.573208,0.000000,0.000000
4.751684,2.607742,1.573239,0.000000,0.000000
4.751625,2.631760,1.573268,0.000000,0.000000
4.751565,2.655778,1.573296,0.000000,0.000000
4.751505,2.679797,1.573321,0.000000,0.000000
4.751444,2.703815,1.573345,0.000000,0.000000
4.751382,2.727833,1.573367,0.000000,0.000000
4.751320,2.751852,1.573388,0.000000,0.000000
4.751258,2.775870,1.573407,0.000000,0.000000
4.751195,2.799889,1.573425,0.000000,0.000000
4.751131,2.823907,1.573442,0.000000,0.000000
4.751068,2.847925,1.573458,0.000000,0.000000
4.751004,2.871944,1.573473,0.000000,0.000000
4.750939,2.895963,1.573486,0.000000,0.000000
4.750874,2.919981,1.573499,0.000000,0.000000
4.750809,2.944000,1.573511,0.000000,0.000000
4.750744,2.968018,1.573522,0.000000,0.000000
4.750678,2.992037,1.573533,0.000000,0.000000
4.750613,3.016055,1.573542,0.000000,0.000000
4.750546,3.040074,1.573551,0.000000,0.000000
4.750480,3.064093,1.573560,0.000000,0.000000
4.750414,3.088111,1.573568,0.000000,0.000000
4.750347,3.112130,1.573575,0.000000,0.000000
4.750280,3.136148,1.573582,0.000000,0.000000
4.750213,3.160167,1.573589,0.000000,0.000000
4.750146,3.184186,1.573595,0.000000,0.000000
4.750079,3.208204,1.573600,0.000000,0.000000
4.750011,3.232223,1.573606,0.000000,0.000000
4.749944,3.256242,1.573610,0.000000,0.000000
4.749876,3.280260,1.573615,0.000000,0.000000
4.749808,3.304279,1.573619,0.000000,0.000000
4.749741,3.328298,1.573623,0.000000,0.000000
4.749673,3.352316,1.573627,0.000000,0.000000
4.749605,3.376335,1.573630,0.000000,0.000000
4.749537,3.400354,1.573634,0.000000,0.000000
4.749468,3.424372,1.573637,0.000000,0.000000
4.749400,3.448391,1.573640,0.000000,0.000000
4.749332,3.472410,1.573642,0.000000,0.000000
4.749263,3.496428,1.573645,0.000000,0.000000
4.749195,3.520447,1.573647,0.000000,0.000000
4.749126,3.544466,1.573649,0.000000,0.000000
4.749058,3.568484,1.573651,0.000000,0.000000
4.748989,3.592503,1.573653,0.000000,0.000000
4.748921,3.616522,1.573655,0.000000,0.000000
4.748852,3.640540,1.573656,0.000000,0.000000
4.748783,3.664559,1.573658,0.000000,0.000000
4.748715,3.688578,1.573659,0.000000,0.000000
4.748646,3.712597,1.573661,0.000000,0.000000
4.748577,3.736615,1.573662,0.000000,0.000000
4.748508,3.760634,1.573663,0.000000,0.000000
4.748439,3.784653,1.573664,0.000000,0.000000
4.748370,3.808671,1.573665,0.000000,0.000000
4.748301,3.832690,1.573666,0.000000,0.000000
4.748232,3.856709,1.573667,0.000000,0.000000
4.748164,3.880727,1.573668,0.000000,0.000000
4.748095,3.904746,1.573669,0.000000,0.000000
4.748026,3.928765,1.573669,0.000000,0.000000
4.747957,3.952783,1.573670,0.000000,0.000000
4.747887,3.976802,1.573671,0.000000,0.000000
4.747818,4.000821,1.573671,0.000000,0.000000
4.747749,4.024839,1.573672,0.000000,0.000000
4.747680,4.048858,1.573672,0.000000,0.000000
4.747611,4.072877,1.573673,0.000000,0.000000
4.747542,4.096896,1.573673,0.000000,0.000000
4.747476,4.119861,1.573674,0.000000,0.000000
4.747416,4.140840,1.573674,0.000000,0.000000
4.747361,4.160005,1.573674,0.000000,0.000000
4.747310,4.177512,1.573675,0.000000,0.000000
4.747264,4.193505,1.573675,0.000000,0.000000
4.747222,4.208115,1.573675,0.000000,0.000000
4.747184,4.221462,1.573676,0.000000,0.000000
4.747149,4.233654,1.573676,0.000000,0.000000
4.747116,4.244792,1.573676,0.000000,0.000000
4.747087,4.254967,1.573676,0.000000,0.000000
4.747060,4.264262,1.573676,0.000000,0.000000
4.747036,4.272753,1.573677,0.000000,0.000000
4.747014,4.280509,1.573677,0.000000,0.000000
4.746993,4.287595,1.573677,0.000000,0.000000
4.746975,4.294068,1.573677,0.000000,0.000000
4.746958,4.299981,1.573677,0.000000,0.000000
4.746942,4.305383,1.573677,0.000000,0.000000
4.746928,4.310318,1.573678,0.000000,0.000000
4.746915,4.314826,1.573678,0.000000,0.000000
4.746903,4.318944,1.573678,0.000000,0.000000
4.746892,4.322705,1.573678,0.000000,0.000000
4.746882,4.326142,1.573678,0.000000,0.000000
4.746873,4.329281,1.573678,0.000000,0.000000
4.746865,4.332149,1.573678,0.000000,0.000000
4.746857,4.334769,1.573678,0.000000,0.000000
4.746850,4.337162,1.573678,0.000000,0.000000
4.746844,4.339349,1.573678,0.000000,0.000000
4.746838,4.341346,1.573678,0.000000,0.000000
4.746833,4.343170,1.573679,0.000000,0.000000
4.746828,4.344837,1.573679,0.000000,0.000000
4.746824,4.346359,1.573679,0.000000,0.000000
4.746820,4.347750,1.573679,0.000000,0.000000
4.746816,4.349021,1.573679,0.000000,0.000000
4.746813,4.350182,1.573679,0.000000,0.000000
4.746810,4.351242,1.573679,0.000000,0.000000
4.746807,4.352211,1.573679,0.000000,0.000000
4.746804,4.353095,1.573679,0.000000,0.000000
4.746802,4.353904,1.573679,0.000000,0.000000
4.746800,4.354642,1.573679,0.000000,0.000000
4.746798,4.355317,1.573679,0.000000,0.000000
4.746796,4.355933,1.573679,0.000000,0.000000
4.746795,4.356496,1.573679,0.000000,0.000000
4.746793,4.357010,1.573679,0.000000,0.000000
4.746792,4.357480,1.573679,0.000000,0.000000
4.746791,4.357909,1.573679,0.000000,0.000000
4.746789,4.358301,1.573679,0.000000,0.000000
4.746788,4.358659,1.573679,0.000000,0.000000
4.746787,4.358986,1.573679,0.000000,0.000000
4.746787,4.359285,1.573679,0.000000,0.000000
4.746786,4.359558,1.573679,0.000000,0.000000
4.746785,4.359808,1.573679,0.000000,0.000000
4.746784,4.360036,1.573679,0.000000,0.000000
4.746784,4.360244,1.573679,0.000000,0.000000
4.746783,4.360434,1.573679,0.000000,0.000000
4.746783,4.360608,1.573679,0.000000,0.000000
4.746782,4.360766,1.573679,0.000000,0.000000
4.746782,4.360911,1.573679,0.000000,0.000000
4.746782,4.361044,1.573679,0.000000,0.000000
4.746781,4.361165,1.573679,0.000000,0.000000
4.746781,4.361275,1.573679,0.000000,0.000000
4.746781,4.361376,1.573679,0.000000,0.000000
4.746780,4.361468,1.573679,0.000000,0.000000
4.746780,4.361552,1.573679,0.000000,0.000000
4.746780,4.361629,1.573679,0.000000,0.000000
4.746780,4.361700,1.573679,0.000000,0.000000
4.746779,4.361764,1.573679,0.000000,0.000000
4.746779,4.361823,1.573679,0.000000,0.000000
4.746779,4.361876,1.573679,0.000000,0.000000
4.746779,4.361925,1.573679,0.000000,0.000000
4.746779,4.361970,1.573679,0.000000,0.000000
4.746779,4.362011,1.573679,0.000000,0.000000
4.746779,4.362048,1.573679,0.000000,0.000000
4.746779,4.362082,1.573679,0.000000,0.000000
4.746778,4.362113,1.573679,0.000000,0.000000
4.746778,4.362142,1.573679,0.000000,0.000000
4.746778,4.362168,1.573679,0.000000,0.000000
4.746778,4.362191,1.573679,0.000000,0.000000
4.746778,4.362213,1.573679,0.000000,0.000000
4.746778,4.362233,1.573679,0.000000,0.000000
4.746778,4.362251,1.573679,0.000000,0.000000
4.746778,4.362268,1.573679,0.000000,0.000000
4.746778,4.362283,1.573679,0.000000,0.000000
4.746778,4.362296,1.573679,0.000000,0.000000
4.746778,4.362309,1.573679,0.000000,0.000000
4.746778,4.362321,1.573679,0.000000,0.000000
4.746778,4.362331,1.573679,0.000000,0.000000
4.746778,4.362341,1.573679,0.000000,0.000000
4.746778,4.362349,1.573679,0.000000,0.000000
4.746778,4.362358,1.573679,0.000000,0.000000
4.746778,4.362365,1.573679,0.000000,0.000000
4.746778,4.362372,1.573679,0.000000,0.000000
4.746778,4.362378,1.573679,0.000000,0.000000
4.746778,4.362383,1.573679,0.000000,0.000000
4.746778,4.362388,1.573679,0.000000,0.000000
4.746778,4.362393,1.573679,0.000000,0.000000
4.746778,4.362397,1.573679,0.000000,0.000000
4.746778,4.362401,1.573679,0.000000,0.000000
4.746778,4.362405,1.573679,0.000000,0.000000
4.746778,4.362408,1.573679,0.000000,0.000000
4.746778,4.362411,1.573679,0.000000,0.000000
4.746778,4.362414,1.573679,0.000000,0.000000
4.746778,4.362416,1.573679,0.000000,0.000000
4.746778,4.362418,1.573679,0.000000,0.000000
4.746778,4.362420,1.573679,0.000000,0.000000
4.746778,4.362422,1.573679,0.000000,0.000000
4.746778,4.362424,1.573679,0.000000,0.000000
4.746778,4.362426,1.573679,0.000000,0.000000
4.746778,4.362427,1.573679,0.000000,0.000000
4.746778,4.362428,1.573679,0.000000,0.000000
4.746778,4.362430,1.573679,0.000000,0.000000
4.746778,4.362431,1.573679,0.000000,0.000000
4.746778,4.362432,1.573679,0.000000,0.000000
4.746778,4.362433,1.573679,0.000000,0.000000
4.746778,4.362433,1.573679,0.000000,0.000000
4.746778,4.362434,1.573679,0.000000,0.000000
4.746778,4.362435,1.573679,0.000000,0.000000
4.746778,4.362435,1.573679,0.000000,0.000000
4.746778,4.362436,1.573679,0.000000,0.000000
4.746778,4.362437,1.573679,0.000000,0.000000
4.746778,4.362437,1.573679,0.000000,0.000000
4.746778,4.362438,1.573679,0.000000,0.000000
4.746778,4.362438,1.573679,0.000000,0.000000
4.746778,4.362438,1.573679,0.000000,0.000000
4.746778,4.362439,1.573679,0.000000,0.000000
4.746778,4.362439,1.573679,0.000000,0.000000
4.746778,4.362439,1.573679,0.000000,0.000000
4.746778,4.362439,1.573679,0.000000,0.000000
4.746778,4.362440,1.573679,0.000000,0.000000
4.746778,4.362440,1.573679,0.000000,0.000000
4.746778,4.362440,1.573679,0.000000,0.000000
4.746778,4.362440,1.573679,0.000000,0.000000
4.746778,4.362440,1.573679,0.000000,0.000000
4.746778,4.362441,1.573679,0.000000,0.000000
4.746778,4.362441,1.573679,0.000000,0.000000
4.746778,4.362441,1.573679,0.000000,0.000000
4.746778,4.362441,1.573679,0.000000,0.000000
4.746778,4.362441,1.573679,0.000000,0.000000
4.746778,4.362441,1.573679,0.000000,0.000000
4.746778,4.362441,1.573679,0.000000,0.000000
4.746778,4.362441,1.573679,0.000000,0.000000
4.746778,4.362441,1.573679,0.000000,0.000000
4.746778,4.362442,1.573679,0.000000,0.000000
4.746778,4.362442,1.573679,0.000000,0.000000
4.746778,4.362442,1.573679,0.000000,0.000000
4.746778,4.362442,1.573679,0.000000,0.000000
4.746778,4.362442,1.573679,0.000000,0.000000
4.746778,4.362442,1.573679,0.000000,0.000000
4.746778,4.362442,1.573679,0.000000,0.000000
4.746778,4.362442,1.573679,0.000000,0.000000
4.746778,4.362442,1.573679,0.000000,0.000000
4.746778,4.362442,1.573679,0.000000,0.000000
4.746778,4.362442,1.573679,0.000000,0.000000
4.746778,4.362442,1.573679,0.000000,0.000000
4.746778,4.362442,1.573679,0.000000,0.000000
4.746778,4.362442,1.573679,0.000000,0.000000
4.746778,4.362442,1.573679,0.000000,0.000000
4.746778,4.362442,1.573679,0.000000,0.000000
4.746778,4.362442,1.573679,0.000000,0.000000
4.746778,4.362442,1.573679,0.000000,0.000000
4.746778,4.362442,1.573679,0.000000,0.000000
4.746778,4.362442,1.573679,0.000000,0.000000
4.746778,4.362442,1.573679,0.000000,0.000000
4.746778,4.362442,1.573679,0.000000,0.000000
4.746778,4.362442,1.573679,0.000000,0.000000
4.746778,4.362442,1.573679,0.000000,0.000000
4.746778,4.362442,1.573679,0.000000,0.000000
4.746778,4.362442,1.573679,0.000000,0.000000
4.746778,4.362442,1.573679,0.000000,0.000000
4.746778,4.362442,1.573679,0.000000,0.000000
4.746778,4.362442,1.573679,0.000000,0.000000
4.746778,4.362442,1.573679,0.000000,0.000000
4.746778,4.362442,1.573679,0.000000,0.000000
4.746778,4.362442,1.573679,0.000000,0.000000
4.746778,4.362442,1.573679,0.000000,0.000000
4.746778,4.362442,1.573679,0.000000,0.000000
4.746778,4.362442,1.573679,0.000000,0.000000
4.746778,4.362442,1.573679,0.000000,0.000000
4.746778,4.362442,1.573679,0.000000,0.000000
4.746778,4.362442,1.573679,0.000000,0.000000
4.746778,4.362442,1.573679,0.000000,0.000000
4.746778,4.362442,1.573679,0.000000,0.000000
4.746778,4.362442,1.573679,0.000000,0.000000
4.746778,4.362442,1.573679,0.000000,0.000000
4.746778,4.362442,1.573679,0.000000,0.000000
4.746778,4.362442,1.573679,0.000000,0.000000
4.746778,4.362442,1.573679,0.000000,0.000000
4.746778,4.362442,1.573679,0.000000,0.000000
4.746778,4.362442,1.573679,0.000000,0.000000
4.746778,4.362442,1.573679,0.000000,0.000000
4.746778,4.362442,1.573679,0.000000,0.000000
4.746778,4.362442,1.573679,0.000000,0.000000
4.746778,4.362442,1.573679,0.000000,0.000000
4.746778,4.362442,1.573679,0.000000,0.000000
4.746778,4.362442,1.573679,0.000000,0.000000
4.746778,4.362442,1.573679,0.000000,0.000000
4.746778,4.362442,1.573679,0.000000,0.000000
4.746778,4.362442,1.573679,0.000000,0.000000
4.746778,4.362442,1.573679,0.000000,0.000000
4.746778,4.362442,1.573679,0.000000,0.000000
4.746778,4.362442,1.573679,0.000000,0.000000
